{"cameraMode":{"drawMode":0,"name":"Shaded","section":"Shading Mode"},"sceneLighting":true,"audioPlay":false,"sceneViewState":{"showFog":true,"showMaterialUpdate":false,"showSkybox":true,"showFlares":true,"showImageEffects":true,"showParticleSystems":true},"in2DMode":false,"pivot":{"x":1.7163076400756837,"y":0.42626383900642397,"z":0.8199723362922669},"rotation":{"x":-0.1358577013015747,"y":0.8613784313201904,"z":-0.30694177746772768,"w":-0.38126304745674136},"size":0.9999968409538269,"orthographic":false}