{"cameraMode":{"drawMode":0,"name":"Shaded","section":"Shading Mode"},"sceneLighting":false,"audioPlay":false,"sceneViewState":{"showFog":true,"showMaterialUpdate":false,"showSkybox":false,"showFlares":true,"showImageEffects":true,"showParticleSystems":true},"in2DMode":false,"pivot":{"x":0.9237022399902344,"y":0.0071021318435668949,"z":0.07166147232055664},"rotation":{"x":0.005210040137171745,"y":-0.6888387799263,"z":-0.004955136217176914,"w":-0.7248894572257996},"size":0.5149997472763062,"orthographic":false}